{"cameraMode":{"drawMode":0,"name":"Shaded","section":"Shading Mode"},"sceneLighting":true,"audioPlay":false,"sceneViewState":{"m_AlwaysRefresh":false,"showFog":true,"showSkybox":true,"showFlares":true,"showImageEffects":true,"showParticleSystems":true,"showVisualEffectGraphs":true,"m_FxEnabled":true},"in2DMode":false,"pivot":{"x":-0.24172115325927735,"y":1.2167434692382813,"z":-13.336798667907715},"rotation":{"x":0.22440388798713685,"y":-0.12675566971302033,"z":0.029455484822392465,"w":0.9657554626464844},"size":1097.8397216796875,"orthographic":false}